<mod>
  <info>
    <author>sphereii</author>
    <name>SphereII_UnlockHealthBar</name>
    <description>Enables the Health Bar for zombies</description>
    <mod_version>1.0.0.4</mod_version>
    <game_version>17</game_version>
    <launcher_version>
    </launcher_version>
  </info>
  <dependencies>
    <dependency>Hal's DLL Fixes</dependency>
  </dependencies>
  <hashes>
    <hash filename="ReadMe.md" hash="d41d8cd98f00b204e9800998ecf8427e" />
    <hash filename="Config\XUi\xui.xml" hash="dd1b6c7fb0e7e9d27ed0b343290fc23d" />
    <hash filename="Harmony\UnlockHealthBar.cs" hash="ed88fe3d47bda6baa99ac6c51c009204" />
    <hash filename="Harmony\Harmony-SphereII_UnlockHealthBar.dll" hash="38a8b1ea8586640012231c7f6e14a0b1" />
  </hashes>
</mod>