<mod>
	<info>
		<author>sphereii</author>
		<name>SDX_EntityAliveSDX</name>
		<description>Add new EntityAliveSDX Class</description>
		<mod_version>1.0</mod_version>
		<game_version>17</game_version>
		<launcher_version></launcher_version>
	</info>


  <dependencies>
    <dependency>Hal's DLL Fixes</dependency>
    <dependency>SDX_EAITasks</dependency>
    <dependency>SDX_Quests</dependency>
    <dependency>SDX_Buffs</dependency>
    <dependency>SDX_Dialog</dependency>
  </dependencies>
</mod>