<mod>
  <info>
    <author>sphereii</author>
    <name>SphereII_QuickContinue</name>
    <description>Loads the last game.</description>
    <mod_version>1.0.0.37</mod_version>
    <game_version>17</game_version>
    <launcher_version>
    </launcher_version>
  </info>
  <hashes>
    <hash filename="ReadMe.md" hash="d41d8cd98f00b204e9800998ecf8427e" />
    <hash filename="Scripts\QuickContinue.cs" hash="591a7c6a61e49906cccb933cf3a7007a" />
    <hash filename="Harmony\Harmony.cs" hash="1bea7e6284ea7e6df75db8ab6bd73734" />
  </hashes>
</mod>