<mod>
  <info>
    <author>sphereii</author>
    <name>SphereII No Exception Hijack</name>
    <description>TormentedEmu's No Exception Hijack ported to Harmony</description>
    <mod_version>1.0.0.1</mod_version>
  </info>
  <dependencies>
    <dependency>SphereIICore</dependency>
  </dependencies>
  <hashes>
    <hash filename="ReadMe.md" hash="d41d8cd98f00b204e9800998ecf8427e" />
    <hash filename="Harmony\Harmony.cs" hash="f0d91885d5c9f968b82ff69bfa4bc477" />
  </hashes>
</mod>