<mod>
  <info>
    <author>sphereii</author>
    <name>SphereII Food Spoilage</name>
    <description>Food Spoilage</description>
    <mod_version>1.0.0.111</mod_version>
  </info>
  <hashes>
    <hash filename="Config\recipes.xml" hash="58834032458a4b3b4ed87e32f0445ab0" />
    <hash filename="Config\blocks.xml" hash="e7e17c8df8026e54d811de8af6b00f94" />
    <hash filename="Config\items.xml" hash="9d41680572a40fca8c0b54ae3e1193ee" />
    <hash filename="Config\ui_display.xml" hash="e55f04f9b596fc2650bccb71734336e1" />
    <hash filename="Harmony\FoodSpoilage.cs" hash="b3eb1d1c151177985aeca2e307bd6c88" />
  </hashes>
</mod>