﻿<configs>
  <append xpath="/items">
    <item name="foodSpoilageTest">
      <property name="Extends" value="foodShamSandwich"/>
      <property name="DisplayType" value="melee"/>
      <property name="Tags" value="perkMasterChef"/>  <!-- tags must match the tags in the effect_group -->

      <property name="Spoilable" value="true" />
      <property name="ShowQuality" value="true"/>  <!-- needed to see durability bar-->
      <property name="SpoiledItem" value="foodRottingFlesh" />    <!-- Optional to over-ride ConfigBlockSpoilage globa. When spoiled, this item will turn into this item.-->
      <property name="TickPerLoss" value="10" /> <!-- Optional to over-ride ConfigBlockSpoilage global. Example value=10   10 ticks per Spoilage increase. -->

      <effect_group name="Food Spoilage">
        <passive_effect name="DegradationMax" operation="perc_add" value=".15,-.15" tags="perkMasterChef"/>
        <passive_effect name="DegradationMax" operation="base_set" value="700,2000" tier="1,6" tags="perkMasterChef"/>
        <passive_effect name="DegradationPerUse" operation="base_set" value="1" tags="perkMasterChef"/>
        <passive_effect name="DegradationPerUse" operation="perc_add" level="1,5" value="-.1,-.5" tags="perkMasterChef"/>
      </effect_group>
    </item>

  </append>
  
  <!-- Append Template -->
  <append xpath="/items/item[starts-with(@name, 'food') and not(contains(@name, 'foodCan'))]">
    <property name="Spoilable" value="true" />
    <property name="ShowQuality" value="true"/>   <!-- needed to see durability bar-->

    <effect_group name="Food Spoilage">
      <passive_effect name="DegradationMax" operation="perc_add" value=".15,-.15" tags="perkMasterChef"/>
      <passive_effect name="DegradationMax" operation="base_set" value="700,2000" tier="1,6" tags="perkMasterChef"/>
      <passive_effect name="DegradationPerUse" operation="base_set" value="1" tags="perkMasterChef"/>
      <passive_effect name="DegradationPerUse" operation="perc_add" level="1,5" value="-.1,-.5" tags="perkMasterChef"/>
    </effect_group>
    
  </append>
  <append xpath="/items/item[starts-with(@name, 'food') and not(contains(@name, 'foodCan'))]/property[@name='Tags']/@value">,perkMasterChef</append>

</configs>