<configs>
	
	<append xpath="/entitygroups/entitygroup[ starts-with(@name, 'WildGameForest')]">	
		<entity name="npcBakerEmptyHand" prob=".3" />
		<entity name="npcBakerClub" prob=".3" />
		<entity name="npcBakerKnife" prob=".3" />
		<entity name="npcBakerSMG" prob=".1" />
		<entity name="npcBakerAK47" prob=".1" />
		<entity name="npcBakerHRifle" prob=".1" />
		<entity name="npcBakerPistol" prob=".2" />
		<entity name="npcBakerLBow" prob=".2" />
		<entity name="npcNurseEmptyHand" prob=".3" />
		<entity name="npcNurseClub" prob=".3" />
		<entity name="npcNurseKnife" prob=".3" />
		<entity name="npcNursePistol" prob=".2" />
		<entity name="npcNurseLBow" prob=".2" />
		<entity name="npcAnimalFox" prob=".2" />
	</append> 
	
	<append xpath="/entitygroups/entitygroup[descendant::entity[@name='zombieArlene']]">	
		<entity name="zombieFemaleTutorial" />
	</append>
	
	
<!--	
	
	<insertAfter xpath="/entitygroups/entitygroup[@name='ZombiesAll']/entity[@name='zombieBoe']" >
		<entity name="zombieFemaleTutorial" prob=".3" />
	</insertAfter>
	
	<insertAfter xpath="/entitygroups/entitygroup[@name='ZombiesNight']/entity[@name='zombieBoe']" >
		<entity name="zombieFemaleTutorial" prob=".3" />
		<entity name="zombieFemaleTutorialFeral" prob=".15" />
	</insertAfter>

	<insertAfter xpath="/entitygroups/entitygroup[@name='ZombiesWasteland']/entity[@name='zombieBoe']" >
		<entity name="zombieSanta" prob=".3" />
		<entity name="zombieNurseTemplate" prob=".15" />
		<entity name="zombieFemaleTutorial" prob=".3" />
		<entity name="zombieBehemoth" prob=".15" />
		<entity name="zombieGuppyCreepyCrawly" prob=".15" />
		<entity name="zombieGuppyInfernalDog" prob=".15" />
	</insertAfter>
	
	<insertAfter xpath="/entitygroups/entitygroup[@name='ZombiesWastelandNight']/entity[@name='zombieBoeFeral']" >
		<entity name="zombieSantaFeral"/>
		<entity name="zombieNurseTemplateFeral"/>
		<entity name="zombieFemaleTutorialFeral" prob=".15"/>
		<entity name="zombieBehemoth" prob=".5" />
		<entity name="zombieGuppyCreepyCrawly" prob=".5" />
		<entity name="zombieGuppyInfernalDog" prob=".5" />
	</insertAfter>

	<insertAfter xpath="/entitygroups/entitygroup[@name='ZombiesHoard']/entity[@name='zombieBoe']" >
		<entity name="zombieSanta" prob=".1" />
		<entity name="zombieNurseTemplate" prob=".05" />
		<entity name="zombieFemaleTutorial" prob=".3" />
	</insertAfter>	
	
	<insertAfter xpath="/entitygroups/entitygroup[@name='ZombieGhostTownGroup']/entity[@name='zombieBoe']" >
		<entity name="zombieSanta" prob=".3" />
		<entity name="zombieNurseTemplate" prob=".15" />
		<entity name="zombieFemaleTutorial" prob=".3" />
	</insertAfter>	
	
	<insertAfter xpath="/entitygroups/entitygroup[@name='ZombiesFeral']/entity[@name='zombieWightFeral']" >	
		<entity name="zombieSantaFeral"/>
		<entity name="zombieNurseTemplateFeral"/>
		<entity name="zombieFemaleTutorialFeral" prob=".15"/>
		
	</insertAfter>
	
	<insertAfter xpath="/entitygroups/entitygroup[@name='ZombieBadassGroup']/entity[@name='zombieArleneFeral']" >	
		<entity name="zombieSantaFeral"/>
		<entity name="zombieNurseTemplateFeral"/>
		<entity name="zombieFemaleTutorialFeral" prob=".15"/>
	</insertAfter>	
	
	<insertAfter xpath="/entitygroups/entitygroup[@name='EnemyAnimalsBurntForest']/entity[@name='animalZombieDog']" >
		<entity name="zombieGuppyCreepyCrawly" prob="10" />
		<entity name="zombieGuppyInfernalDog" prob="10" />
	</insertAfter>	
	
	<insertAfter xpath="/entitygroups/entitygroup[@name='EnemyAnimalsWasteland']/entity[@name='animalZombieDog']" >	
		<entity name="zombieGuppyCreepyCrawly" prob="20" />
		<entity name="zombieGuppyInfernalDog" prob="20" />
	</insertAfter>
	<insertAfter xpath="/entitygroups/entitygroup[@name='ZombieDogGroup']/entity[@name='animalZombieDog']" >	
		<entity name="zombieGuppyCreepyCrawly"  />
		<entity name="zombieGuppyInfernalDog"  />
	</insertAfter>	
	
	<insertAfter xpath="/entitygroups/entitygroup[@name='ZombieSoldierGroup']/entity[@name='zombieSoldier']" >
		<entity name="zombieGuppyBlackSoldierMaskHelmet" prob=".5" />
		<entity name="zombieGuppyBlackSoldierHelmetNoMask" prob=".5" />
        <entity name="zombieGuppySoldier01" prob=".5"/>
		<entity name="zombieGuppySoldierFemale01" prob=".5" />
        <entity name="zombieGuppySoldierFemale01Helmet" prob=".5"/>
		<entity name="zombieGuppySoldierLeader" prob=".5"/>
		<entity name="zombieGuppyDoctor01" prob=".1" />
		<entity name="zombieGuppyDoctor02" prob=".1" />
        <entity name="zombieGuppyDoctor03" prob=".1"/>
		<entity name="zombieGuppyDoctor04Black" prob=".1"/>
		<entity name="zombieGuppyDoctorFemale01" prob=".1" />
		<entity name="zombieGuppyDoctorFemale02" prob=".1" />
		<entity name="zombieHazmatFemale01TSBX" prob=".1" />
	</insertAfter>	
	
	<insertAfter xpath="/entitygroups/entitygroup[@name='HospitalGroup']/entity[@name='zombieLab']" >	
		<entity name="zombieGuppyDoctor01" prob="1.5" />
		<entity name="zombieGuppyDoctor02" prob="1.5" />
        <entity name="zombieGuppyDoctor03" prob="1.5"/>
		<entity name="zombieGuppyDoctor04Black" prob="1.5"/>
		<entity name="zombieGuppyDoctorFemale01" prob="1.5" />
		<entity name="zombieGuppyDoctorFemale02" prob="1.5" />	
		<entity name="zombieHazmatFemale01TSBX" prob="1.0" />
		<entity name="zombieGuppyMalePatient" prob="1.5"/>		
	</insertAfter>
	
	<insertAfter xpath="/entitygroups/entitygroup[@name='ZombieHazMatOnlyGroup']/entity[@name='zombieMaleHazmat']" >	
		<entity name="zombieHazmatFemale01TSBX" prob=".2" />
	</insertAfter>

	<insertAfter xpath="/entitygroups/entitygroup[@name='ZombieBikerBarGroup']/entity[@name='zombieBiker']" >	
		<entity name="zombieGuppyProstitute" prob="3"/>
	</insertAfter>
	
	<insertAfter xpath="/entitygroups/entitygroup[ starts-with(@name, 'ZombieBikerBarGroupGS')]/entity[@name='zombieBiker']">
		<entity name="zombieGuppyProstitute" prob=".7"/>
	</insertAfter>	
	
	<insertAfter xpath="/entitygroups/entitygroup[@name='ZombieAnimalsGroup']/entity[@name='animalZombieDog']" >	
		<entity name="zombieGuppyCreepyCrawly"  prob="2"/>
		<entity name="zombieGuppyInfernalDog" prob="1" />
	</insertAfter>		-->

	<insertAfter xpath="/entitygroups/entitygroup[ starts-with(@name, 'sleeperHordeStageGS')]/entity[@name='zombieBoe']">
		<entity name="npcNurseEmptyHand" prob=".2" />
		<entity name="npcNurseClub" prob=".2" />
		<entity name="npcNurseSMG" prob=".1" />	
	</insertAfter>
	
	<insertAfter xpath="/entitygroups/entitygroup[ starts-with(@name, 'sleeperHordeStageGS')]/entity[@name='zombieJoe']">
		<entity name="npcNurseEmptyHand" prob=".2" />
		<entity name="npcNurseClub" prob=".2" />
		<entity name="npcNurseSMG" prob=".1" />	
	</insertAfter>
	
	<insertAfter xpath="/entitygroups/entitygroup[ starts-with(@name, 'sleeperHordeStageGS')]/entity[@name='zombieSteve']">
		<entity name="npcNurseEmptyHand" prob=".2" />
		<entity name="npcNurseClub" prob=".2" />
		<entity name="npcNurseSMG" prob=".1" />	
	</insertAfter>
	
	<insertAfter xpath="/entitygroups/entitygroup[ starts-with(@name, 'sleeperHordeStageGS')]/entity[@name='zombieMoe']">
		<entity name="npcNurseEmptyHand" prob=".2" />
		<entity name="npcNurseClub" prob=".2" />
		<entity name="npcNurseSMG" prob=".1" />	
	</insertAfter>	
	
	
	<insertAfter xpath="/entitygroups/entitygroup[ starts-with(@name, 'feralHordeStageGS')]/entity[@name='zombieBoe']">
		<entity name="npcNurseEmptyHandBloodMoon" prob=".3" />
		<entity name="npcNurseClubBloodMoon" prob=".25" />
		<entity name="npcNurseSMGBloodMoon" prob=".3" />	
	</insertAfter>
	
	<insertAfter xpath="/entitygroups/entitygroup[ starts-with(@name, 'feralHordeStageGS')]/entity[@name='zombieJoe']">
		<entity name="npcNurseEmptyHandBloodMoon" prob=".3" />
		<entity name="npcNurseClubBloodMoon" prob=".25" />
		<entity name="npcNurseSMGBloodMoon" prob=".3" />	
	</insertAfter>
	
	<insertAfter xpath="/entitygroups/entitygroup[ starts-with(@name, 'feralHordeStageGS')]/entity[@name='zombieSteve']">
		<entity name="npcNurseEmptyHandBloodMoon" prob=".3" />
		<entity name="npcNurseClubBloodMoon" prob=".25" />
		<entity name="npcNurseSMGBloodMoon" prob=".3" />	
	</insertAfter>
	
<!--	<insertAfter xpath="/entitygroups/entitygroup[ starts-with(@name, 'feralHordeStageGS')]/entity[@name='zombieFatCopFeral']">
		<entity name="zombieBehemoth" prob=".25" />
	</insertAfter>
	
	<insertAfter xpath="/entitygroups/entitygroup[ starts-with(@name, 'feralHordeStageGS')]/entity[@name='zombieWightFeral']">
		<entity name="zombieBehemoth" prob=".25" />
	</insertAfter>	
	
	<insertAfter xpath="/entitygroups/entitygroup[ starts-with(@name, 'scoutHordeStageGS')]/entity[@name='zombieBoe']">
		<entity name="zombieSanta" prob=".3" />
		<entity name="zombieNurseTemplate" prob=".25" />
		<entity name="zombieFemaleTutorial" prob=".3" />
	</insertAfter>
	
	<insertAfter xpath="/entitygroups/entitygroup[ starts-with(@name, 'scoutHordeStageGS')]/entity[@name='zombieJoe']">
		<entity name="zombieSanta" prob=".3" />
		<entity name="zombieNurseTemplate" prob=".25" />
		<entity name="zombieFemaleTutorial" prob=".3" />	
	</insertAfter>
	
	<insertAfter xpath="/entitygroups/entitygroup[ starts-with(@name, 'scoutHordeStageGS')]/entity[@name='zombieSteve']">
		<entity name="zombieSanta" prob=".3" />
		<entity name="zombieNurseTemplate" prob=".25" />
		<entity name="zombieFemaleTutorial" prob=".3" />	
	</insertAfter>	
	
	<insertAfter xpath="/entitygroups/entitygroup[ starts-with(@name, 'wanderingHordeStageGS')]/entity[@name='zombieBoe']">
		<entity name="zombieSanta" prob=".3" />
		<entity name="zombieNurseTemplate" prob=".25" />
		<entity name="zombieFemaleTutorial" prob=".3" />
	</insertAfter>
	
	<insertAfter xpath="/entitygroups/entitygroup[ starts-with(@name, 'wanderingHordeStageGS')]/entity[@name='zombieJoe']">
		<entity name="zombieSanta" prob=".3" />
		<entity name="zombieNurseTemplate" prob=".25" />
		<entity name="zombieFemaleTutorial" prob=".3" />
	</insertAfter>
	
	<insertAfter xpath="/entitygroups/entitygroup[ starts-with(@name, 'wanderingHordeStageGS')]/entity[@name='zombieSteve']">
		<entity name="zombieSanta" prob=".3" />
		<entity name="zombieNurseTemplate" prob=".25" />
		<entity name="zombieFemaleTutorial" prob=".3" />
	</insertAfter>	

	<insertAfter xpath="/entitygroups/entitygroup[ starts-with(@name, 'FwanderingHordeStageGS')]/entity[@name='zombieBoe']">
		<entity name="zombieSanta" prob=".3" />
		<entity name="zombieNurseTemplate" prob=".25" />
		<entity name="zombieFemaleTutorial" prob=".3" />
	</insertAfter>
	
	<insertAfter xpath="/entitygroups/entitygroup[ starts-with(@name, 'FwanderingHordeStageGS')]/entity[@name='zombieJoe']">
		<entity name="zombieSanta" prob=".3" />
		<entity name="zombieNurseTemplate" prob=".25" />
		<entity name="zombieFemaleTutorial" prob=".3" />
	</insertAfter>
	
	<insertAfter xpath="/entitygroups/entitygroup[ starts-with(@name, 'FwanderingHordeStageGS')]/entity[@name='zombieSteve']">
		<entity name="zombieSanta" prob=".3" />
		<entity name="zombieNurseTemplate" prob=".25" />
		<entity name="zombieFemaleTutorial" prob=".3" />
	</insertAfter>	

	
	<insertAfter xpath="/entitygroups/entitygroup[ starts-with(@name, 'zombieHospitalGroupGS')]/entity[@name='zombieLab']">
		<entity name="zombieGuppyDoctor01" prob="1.5" />
		<entity name="zombieGuppyDoctor02" prob="1.5" />
        <entity name="zombieGuppyDoctor03" prob="1.5"/>
		<entity name="zombieGuppyDoctor04Black" prob="1.5"/>
		<entity name="zombieGuppyDoctorFemale01" prob="1.5" />
		<entity name="zombieGuppyDoctorFemale02" prob="1.5" />
		<entity name="zombieGuppyMalePatient" prob="1.5"/>	
		<entity name="zombieGuppyNurse" prob="1.5"/>	
		<entity name="zombieHazmatFemale01TSBX" prob="1.5" />
	</insertAfter>	
	
	<insertAfter xpath="/entitygroups/entitygroup[ starts-with(@name, 'zombieHospitalGroupGS')]/entity[@name='zombieBoeFeral' and @prob='0.1']">
		<entity name="zombieGuppyDoctor01Feral" prob=".01" />
        <entity name="zombieGuppyDoctor02Feral" prob=".01"/>
		<entity name="zombieGuppyDoctor03Feral" prob=".01"/>
		<entity name="zombieGuppyDoctor04BlackFeral" prob=".01"/>
        <entity name="zombieGuppyDoctorFemale01Feral" prob=".01" />
        <entity name="zombieGuppyDoctorFemale02Feral" prob=".01" />
	</insertAfter>	
	<insertAfter xpath="/entitygroups/entitygroup[ starts-with(@name, 'zombieHospitalGroupGS')]/entity[@name='zombieBoeFeral' and @prob='0.2']">
		<entity name="zombieGuppyDoctor01Feral" prob=".02" />
        <entity name="zombieGuppyDoctor02Feral" prob=".02"/>
		<entity name="zombieGuppyDoctor03Feral" prob=".02"/>
		<entity name="zombieGuppyDoctor04BlackFeral" prob=".02"/>
        <entity name="zombieGuppyDoctorFemale01Feral" prob=".02" />
        <entity name="zombieGuppyDoctorFemale02Feral" prob=".02" />
	</insertAfter>		
	<insertAfter xpath="/entitygroups/entitygroup[ starts-with(@name, 'zombieHospitalGroupGS')]/entity[@name='zombieBoeFeral' and @prob='0.3']">
		<entity name="zombieGuppyDoctor01Feral" prob=".03" />
        <entity name="zombieGuppyDoctor02Feral" prob=".03"/>
		<entity name="zombieGuppyDoctor03Feral" prob=".03"/>
		<entity name="zombieGuppyDoctor04BlackFeral" prob=".03"/>
        <entity name="zombieGuppyDoctorFemale01Feral" prob=".03" />
        <entity name="zombieGuppyDoctorFemale02Feral" prob=".03" />
	</insertAfter>	
	<insertAfter xpath="/entitygroups/entitygroup[ starts-with(@name, 'zombieHospitalGroupGS')]/entity[@name='zombieBoeFeral' and @prob='0.4']">
		<entity name="zombieGuppyDoctor01Feral" prob=".04" />
        <entity name="zombieGuppyDoctor02Feral" prob=".04"/>
		<entity name="zombieGuppyDoctor03Feral" prob=".04"/>
		<entity name="zombieGuppyDoctor04BlackFeral" prob=".04"/>
        <entity name="zombieGuppyDoctorFemale01Feral" prob=".04" />
        <entity name="zombieGuppyDoctorFemale02Feral" prob=".04" />
	</insertAfter>		
	<insertAfter xpath="/entitygroups/entitygroup[ starts-with(@name, 'zombieHospitalGroupGS')]/entity[@name='zombieBoeFeral' and @prob='0.5']">
 		<entity name="zombieGuppyDoctor01Feral" prob=".05" />
        <entity name="zombieGuppyDoctor02Feral" prob=".05"/>
		<entity name="zombieGuppyDoctor03Feral" prob=".05"/>
		<entity name="zombieGuppyDoctor04BlackFeral" prob=".05"/>
        <entity name="zombieGuppyDoctorFemale01Feral" prob=".05" />
        <entity name="zombieGuppyDoctorFemale02Feral" prob=".05" />
	</insertAfter>		
	
	<insertAfter xpath="/entitygroups/entitygroup[ starts-with(@name, 'zombieSoldierGroupGS')]/entity[@name='zombieSoldier']">
		<entity name="zombieGuppyBlackSoldierMaskHelmet" prob="1" />
		<entity name="zombieGuppyBlackSoldierHelmetNoMask" prob="1" />
        <entity name="zombieGuppySoldier01" prob="1"/>
		<entity name="zombieGuppySoldierFemale01" prob="1" />
        <entity name="zombieGuppySoldierFemale01Helmet" prob="1"/>
		<entity name="zombieGuppySoldierLeader" prob="1"/>
	</insertAfter>		
	
	<insertAfter xpath="/entitygroups/entitygroup[ starts-with(@name, 'zombieSoldierGroupGS')]/entity[@name='zombieSoldierFeral' and @prob='0.1']">
        <entity name="zombieGuppyBlackSoldierMaskHelmetFeral" prob=".01" />
        <entity name="zombieGuppyBlackSoldierHelmetNoMaskFeral" prob=".01" />
		<entity name="zombieGuppySoldier01Feral" prob=".01" />
		<entity name="zombieGuppySoldierFemale01Feral" prob=".01" />
        <entity name="zombieGuppySoldierFemale01HelmetFeral" prob=".01" />
		<entity name="zombieGuppySoldierLeaderFeral" prob=".01" />
	</insertAfter>	
	<insertAfter xpath="/entitygroups/entitygroup[ starts-with(@name, 'zombieSoldierGroupGS')]/entity[@name='zombieSoldierFeral' and @prob='0.2']">
        <entity name="zombieGuppyBlackSoldierMaskHelmetFeral" prob=".02" />
        <entity name="zombieGuppyBlackSoldierHelmetNoMaskFeral" prob=".02" />
		<entity name="zombieGuppySoldier01Feral" prob=".02" />
		<entity name="zombieGuppySoldierFemale01Feral" prob=".02" />
        <entity name="zombieGuppySoldierFemale01HelmetFeral" prob=".02" />
		<entity name="zombieGuppySoldierLeaderFeral" prob=".02" />
	</insertAfter>		
	<insertAfter xpath="/entitygroups/entitygroup[ starts-with(@name, 'zombieSoldierGroupGS')]/entity[@name='zombieSoldierFeral' and @prob='0.3']">
        <entity name="zombieGuppyBlackSoldierMaskHelmetFeral" prob=".03" />
        <entity name="zombieGuppyBlackSoldierHelmetNoMaskFeral" prob=".03" />
		<entity name="zombieGuppySoldier01Feral" prob=".03" />
		<entity name="zombieGuppySoldierFemale01Feral" prob=".03" />
        <entity name="zombieGuppySoldierFemale01HelmetFeral" prob=".03" />
		<entity name="zombieGuppySoldierLeaderFeral" prob=".03" />
	</insertAfter>	
	<insertAfter xpath="/entitygroups/entitygroup[ starts-with(@name, 'zombieSoldierGroupGS')]/entity[@name='zombieSoldierFeral' and @prob='0.4']">
        <entity name="zombieGuppyBlackSoldierMaskHelmetFeral" prob=".04" />
        <entity name="zombieGuppyBlackSoldierHelmetNoMaskFeral" prob=".04" />
		<entity name="zombieGuppySoldier01Feral" prob=".04" />
		<entity name="zombieGuppySoldierFemale01Feral" prob=".04" />
        <entity name="zombieGuppySoldierFemale01HelmetFeral" prob=".04" />
		<entity name="zombieGuppySoldierLeaderFeral" prob=".04" />
	</insertAfter>		
	<insertAfter xpath="/entitygroups/entitygroup[ starts-with(@name, 'zombieSoldierGroupGS')]/entity[@name='zombieSoldierFeral' and @prob='0.5']">
        <entity name="zombieGuppyBlackSoldierMaskHelmetFeral" prob=".05" />
        <entity name="zombieGuppyBlackSoldierHelmetNoMaskFeral" prob=".05" />
		<entity name="zombieGuppySoldier01Feral" prob=".05" />
		<entity name="zombieGuppySoldierFemale01Feral" prob=".05" />
        <entity name="zombieGuppySoldierFemale01HelmetFeral" prob=".05" />
		<entity name="zombieGuppySoldierLeaderFeral" prob=".05" />
	</insertAfter>	-->

	
<!--  Gan/Xyth's method for injecting new characters from other modders.  Baselining on the above characters -->
	
<!--	<append xpath="/entitygroups/entitygroup[descendant::entity[@name='zombieFemaleTutorial' and @prob='.3']]">
		<entity name="zombieGirl" prob=".3" />
		<entity name="zombieRekt" prob=".3" />
        <entity name="zombieHugh" prob=".3"/>
		<entity name="zombieWhiteClown" prob=".3"/>
		<entity name="zombieGirl" prob=".3" />
        <entity name="zombieGuppyBaldCop" prob=".3"/>
		<entity name="zombieGuppyBaldMan" prob=".3"/>
		<entity name="zombieGuppyBeatCop" prob=".3" />
		<entity name="zombieGuppyBelle" prob=".3" />
        <entity name="zombieGuppyCarmela" prob=".3"/>
		<entity name="zombieGuppyClot" prob=".3"/>
		<entity name="zombieGuppyHungryJeff" prob=".3" />
		<entity name="zombieGuppyLucy" prob=".3" />
        <entity name="zombieGuppyNurse" prob=".3"/>
		<entity name="zombieGuppyOldManZombie" prob=".3"/>
		<entity name="zombieGuppyPete" prob=".3" />
		<entity name="zombieGuppyPoliceRalph" prob=".3" />
        <entity name="zombieGuppySeth" prob=".3"/>
		<entity name="zombieGuppyAlma" prob=".3" />
		<entity name="zombieGuppyBiomechanicalWight" prob=".3" />
        <entity name="zombieGuppyProstitute" prob=".3"/>
		<entity name="zombieGuppyMalePatient" prob=".3"/>		
		<entity name="zombieMalacayFCiv01" prob=".3"/>
		<entity name="zombieHazmatFemale01TSBX" prob=".3" />
		<entity name="zombieCopSheriffTSBX" prob=".3" />
        <entity name="zombieCopSwat01TSBX" prob=".3"/>
		<entity name="zombieCopCityFemale01TSBX" prob=".3"/>
		<entity name="zombieHoly01MUMPFY" prob=".3"/>
		<entity name="zombieGuppyBlackSoldierMaskHelmet" prob=".3" />
		<entity name="zombieGuppyBlackSoldierHelmetNoMask" prob=".3" />
        <entity name="zombieGuppySoldier01" prob=".3"/>
		<entity name="zombieGuppySoldierFemale01" prob=".3" />
        <entity name="zombieGuppySoldierFemale01Helmet" prob=".3"/>
		<entity name="zombieGuppySoldierLeader" prob=".3"/>
		<entity name="zombieGuppyDoctor01" prob=".3" />
		<entity name="zombieGuppyDoctor02" prob=".3" />
        <entity name="zombieGuppyDoctor03" prob=".3"/>
		<entity name="zombieGuppyDoctor04Black" prob=".3"/>
		<entity name="zombieGuppyDoctorFemale01" prob=".3" />
		<entity name="zombieGuppyDoctorFemale02" prob=".3" />
    </append> 
	
	<append xpath="/entitygroups/entitygroup[descendant::entity[@name='zombieFemaleTutorialFeral' and @prob='.15']]">
        <entity name="zombieRektFeral" prob=".15" />
        <entity name="zombieHughFeral" prob=".15" />
		<entity name="zombieGuppyAbonimation" prob=".15" />
        <entity name="zombieGuppyKennethClown" prob=".15" />
		<entity name="zombieGuppyPest" prob=".15" />
		<entity name="zombieHazmatFemale01TSBXFeral" prob=".15" />
		<entity name="zombieCopSheriffTSBXFeral" prob=".15" />
        <entity name="zombieCopSwat01TSBXFeral" prob=".15"/>
		<entity name="zombieCopCityFemale01TSBXFeral" prob=".15"/>
		<entity name="zombieHoly01MUMPFYFeral" prob=".15"/>
        <entity name="zombieGuppyBlackSoldierMaskHelmetFeral" prob=".15" />
        <entity name="zombieGuppyBlackSoldierHelmetNoMaskFeral" prob=".15" />
		<entity name="zombieGuppySoldier01Feral" prob=".15" />
		<entity name="zombieGuppySoldierFemale01Feral" prob=".15" />
        <entity name="zombieGuppySoldierFemale01HelmetFeral" prob=".15" />
		<entity name="zombieGuppySoldierLeaderFeral" prob=".15" />
		<entity name="zombieGuppyDoctor01Feral" prob=".15" />
        <entity name="zombieGuppyDoctor02Feral" prob=".15"/>
		<entity name="zombieGuppyDoctor03Feral" prob=".15"/>
		<entity name="zombieGuppyDoctor04BlackFeral" prob=".15"/>
        <entity name="zombieGuppyDoctorFemale01Feral" prob=".15" />
        <entity name="zombieGuppyDoctorFemale02Feral" prob=".15" />
    </append> 		-->
	
	
</configs>